querry,reference,alignment_length,similarity_errors,ref_coverage,querry_coverage,ani,reference_length,querry_length,alignment_coverage,primary_cluster
GCA_001688765.1_ASM168876v1.fa,GCA_001688765.1_ASM168876v1.fa,2745272,0,0.99999964,0.99999964,1.0,2745273,2745273,0.9999996357375023,14
GCA_001688765.1_ASM168876v1.fa,GCA_000020225.1_ASM2022v1.fa,2546265,27220,0.9557686,0.92750883,0.98930985,2664102,2745273,0.9557685854370441,14
GCA_000020225.1_ASM2022v1.fa,GCA_001688765.1_ASM168876v1.fa,2546680,27233,0.92766,0.95592433,0.98930645,2745273,2664102,0.9559243602534738,14
GCA_000020225.1_ASM2022v1.fa,GCA_000020225.1_ASM2022v1.fa,2664101,0,0.99999964,0.99999964,1.0,2664102,2664102,0.9999996246389966,14
GCA_000265365.1_ASM26536v1.fa,GCA_000265365.1_ASM26536v1.fa,3734238,0,0.99999976,0.99999976,1.0,3734239,3734239,0.9999997322078207,6
GCA_001314995.1_ASM131499v1.fa,GCA_001314995.1_ASM131499v1.fa,6472488,0,0.9999998,0.9999998,1.0,6472489,6472489,0.9999998454999306,4
GCA_001314995.1_ASM131499v1.fa,GCA_900095495.1_B_ovatus_V975.fa,6475013,653,0.9999563,1.0003899,0.99989915,6475296,6472489,1.0003899581752862,4
GCA_900095495.1_B_ovatus_V975.fa,GCA_001314995.1_ASM131499v1.fa,6474948,653,1.0003799,0.99994624,0.99989915,6472489,6475296,1.000379915670772,4
GCA_900095495.1_B_ovatus_V975.fa,GCA_900095495.1_B_ovatus_V975.fa,6475295,0,0.9999998,0.9999998,1.0,6475296,6475296,0.9999998455669054,4
GCA_000829295.1_ASM82929v1.fa,GCA_000829295.1_ASM82929v1.fa,2290144,0,0.9999996,0.9999996,1.0,2290145,2290145,0.9999995633464257,7
GCA_000829295.1_ASM82929v1.fa,GCA_000730205.1_ASM73020v1.fa,1825586,57690,0.73594445,0.79714864,0.96839917,2480603,2290145,0.7971486521595794,7
GCA_000829295.1_ASM82929v1.fa,GCA_000020425.1_ASM2042v1_genomic.fna,1621301,70606,0.5723421,0.7079469,0.956451,2832748,2290145,0.7079468767261462,7
GCA_000829295.1_ASM82929v1.fa,GCA_000196555.1_ASM19655v1_genomic.fna,2032822,19685,0.85227764,0.887639,0.9903164,2385164,2290145,0.8876389922908812,7
GCA_000730205.1_ASM73020v1.fa,GCA_000829295.1_ASM82929v1.fa,1826530,57690,0.7975609,0.736325,0.9684155,2290145,2480603,0.7975608531337536,7
GCA_000730205.1_ASM73020v1.fa,GCA_000730205.1_ASM73020v1.fa,2480602,0,0.9999996,0.9999996,1.0,2480603,2480603,0.9999995968722121,7
GCA_000730205.1_ASM73020v1.fa,GCA_000020425.1_ASM2042v1_genomic.fna,1858343,65371,0.6560213,0.7491497,0.96482295,2832748,2480603,0.7491497027134129,7
GCA_000730205.1_ASM73020v1.fa,GCA_000196555.1_ASM19655v1_genomic.fna,1790241,56313,0.7505735,0.7216959,0.9685445,2385164,2480603,0.7505735454668945,7
GCA_000020425.1_ASM2042v1_genomic.fna,GCA_000829295.1_ASM82929v1.fa,1620608,70452,0.7076443,0.5720975,0.9565274,2290145,2832748,0.7076442757991306,7
GCA_000020425.1_ASM2042v1_genomic.fna,GCA_000730205.1_ASM73020v1.fa,1856488,65071,0.7484019,0.6553664,0.9649494,2480603,2832748,0.7484019006668943,7
GCA_000020425.1_ASM2042v1_genomic.fna,GCA_000020425.1_ASM2042v1_genomic.fna,2832747,0,0.99999964,0.99999964,1.0,2832748,2832748,0.9999996469858949,7
GCA_000020425.1_ASM2042v1_genomic.fna,GCA_000196555.1_ASM19655v1_genomic.fna,1725949,77235,0.72361857,0.60928434,0.9552507,2385164,2832748,0.723618585556381,7
GCA_000196555.1_ASM19655v1_genomic.fna,GCA_000829295.1_ASM82929v1.fa,2032750,19685,0.8876076,0.8522475,0.9903161,2290145,2385164,0.8876075532335289,7
GCA_000196555.1_ASM19655v1_genomic.fna,GCA_000730205.1_ASM73020v1.fa,1789274,56313,0.7213061,0.75016814,0.96852744,2480603,2385164,0.7501681226112754,7
GCA_000196555.1_ASM19655v1_genomic.fna,GCA_000020425.1_ASM2042v1_genomic.fna,1726479,77392,0.60947144,0.7238408,0.9551735,2832748,2385164,0.7238407924989644,7
GCA_000196555.1_ASM19655v1_genomic.fna,GCA_000196555.1_ASM19655v1_genomic.fna,2385163,0,0.9999996,0.9999996,1.0,2385164,2385164,0.9999995807416178,7
GCA_001465175.1_ASM146517v1.fa,GCA_001465175.1_ASM146517v1.fa,4618324,0,0.99999934,0.99999934,1.0,4618327,4618327,0.9999993504141218,12
GCA_001465175.1_ASM146517v1.fa,GCA_001746555.1_ASM174655v1.fa,4364565,3613,0.97782457,0.9450533,0.9991722,4463546,4618327,0.9778245816218765,12
GCA_001465175.1_ASM146517v1.fa,GCA_001456065.2_ASM145606v2.fa,4521773,4080,0.97706926,0.9790933,0.9990977,4627894,4618327,0.979093295039524,12
GCA_001465175.1_ASM146517v1.fa,GCA_001886875.1_ASM188687v1.fa,3917447,65676,0.844293,0.8482394,0.983235,4639914,4618327,0.8482394165679477,12
GCA_001465175.1_ASM146517v1.fa,GCA_001646605.1_ASM164660v1.fa,4485098,4517,0.9756147,0.9711521,0.99899286,4597202,4618327,0.9756147326134462,12
GCA_001746555.1_ASM174655v1.fa,GCA_001465175.1_ASM146517v1.fa,4363141,3613,0.94474494,0.97750556,0.9991719,4618327,4463546,0.9775055527600701,12
GCA_001746555.1_ASM174655v1.fa,GCA_001746555.1_ASM174655v1.fa,4463543,0,0.99999934,0.99999934,1.0,4463546,4463546,0.9999993278886339,12
GCA_001746555.1_ASM174655v1.fa,GCA_001456065.2_ASM145606v2.fa,4461790,365,0.9641081,0.9996066,0.9999182,4627894,4463546,0.9996065908136714,12
GCA_001746555.1_ASM174655v1.fa,GCA_001886875.1_ASM188687v1.fa,3834178,64266,0.82634676,0.8589982,0.98323864,4639914,4463546,0.8589982045665039,12
GCA_001746555.1_ASM174655v1.fa,GCA_001646605.1_ASM164660v1.fa,4429573,399,0.96353674,0.9923888,0.99990994,4597202,4463546,0.9923887868524263,12
GCA_001456065.2_ASM145606v2.fa,GCA_001465175.1_ASM146517v1.fa,4519957,4077,0.9787001,0.9766769,0.999098,4618327,4627894,0.9787000790546013,12
GCA_001456065.2_ASM145606v2.fa,GCA_001746555.1_ASM174655v1.fa,4463553,365,1.0000015,0.96448904,0.9999182,4463546,4627894,1.0000015682598544,12
GCA_001456065.2_ASM145606v2.fa,GCA_001456065.2_ASM145606v2.fa,4627892,0,0.9999996,0.9999996,1.0,4627894,4627894,0.9999995678379842,12
GCA_001456065.2_ASM145606v2.fa,GCA_001886875.1_ASM188687v1.fa,3933652,65790,0.84778553,0.8499875,0.98327506,4639914,4627894,0.8499874889096423,12
GCA_001456065.2_ASM145606v2.fa,GCA_001646605.1_ASM164660v1.fa,4635548,835,1.0083412,1.0016539,0.9998199,4597202,4627894,1.008341160558096,12
GCA_001886875.1_ASM188687v1.fa,GCA_001465175.1_ASM146517v1.fa,3917454,65822,0.8482409,0.84429455,0.98319775,4618327,4639914,0.8482409322683301,12
GCA_001886875.1_ASM188687v1.fa,GCA_001746555.1_ASM174655v1.fa,3835938,64365,0.8593925,0.8267261,0.9832205,4463546,4639914,0.8593925099013207,12
GCA_001886875.1_ASM188687v1.fa,GCA_001456065.2_ASM145606v2.fa,3937478,65926,0.8508142,0.8486101,0.9832568,4627894,4639914,0.8508142148458888,12
GCA_001886875.1_ASM188687v1.fa,GCA_001886875.1_ASM188687v1.fa,4639911,0,0.99999934,0.99999934,1.0,4639914,4639914,0.9999993534362921,12
GCA_001886875.1_ASM188687v1.fa,GCA_001646605.1_ASM164660v1.fa,3937574,66352,0.85651535,0.8486308,0.983149,4597202,4639914,0.8565153325870823,12
GCA_001646605.1_ASM164660v1.fa,GCA_001465175.1_ASM146517v1.fa,4474800,4501,0.9689223,0.97337466,0.9989942,4618327,4597202,0.9733746744215286,12
GCA_001646605.1_ASM164660v1.fa,GCA_001746555.1_ASM174655v1.fa,4431592,401,0.9928411,0.9639759,0.9999095,4463546,4597202,0.9928411178018552,12
GCA_001646605.1_ASM164660v1.fa,GCA_001456065.2_ASM145606v2.fa,4630295,818,1.0005188,1.0071985,0.99982333,4627894,4597202,1.0071985090061302,12
GCA_001646605.1_ASM164660v1.fa,GCA_001886875.1_ASM188687v1.fa,3933756,66254,0.84780794,0.8556848,0.9831576,4639914,4597202,0.8556848274232892,12
GCA_001646605.1_ASM164660v1.fa,GCA_001646605.1_ASM164660v1.fa,4597199,0,0.99999934,0.99999934,1.0,4597202,4597202,0.9999993474291536,12
GCA_000063585.1_ASM6358v1.fa,GCA_000063585.1_ASM6358v1.fa,3903258,0,0.99999946,0.99999946,1.0,3903260,3903260,0.9999994876077946,11
GCA_000063585.1_ASM6358v1.fa,GCA_000017025.1_ASM1702v1.fa,3870590,3750,1.0018481,0.9916301,0.9990311,3863450,3903260,1.0018480891431234,11
GCA_000063585.1_ASM6358v1.fa,GCA_000019305.1_ASM1930v1.fa,3518182,87405,0.85662794,0.90134454,0.9751562,4107013,3903260,0.9013445171472052,11
GCA_000063585.1_ASM6358v1.fa,GCA_000092345.1_ASM9234v1.fa,3540772,88405,0.88285035,0.90713197,0.97503227,4010614,3903260,0.9071319871082121,11
GCA_000063585.1_ASM6358v1.fa,GCA_000019545.1_ASM1954v1.fa,3490741,123528,0.8194822,0.8943142,0.96461266,4259691,3903260,0.8943142398917827,11
GCA_000063585.1_ASM6358v1.fa,GCA_000816945.1_ASM81694v1.fa,3482803,122007,0.8948554,0.8922806,0.96496874,3892029,3903260,0.8948553569359324,11
GCA_000063585.1_ASM6358v1.fa,GCA_000017045.1_ASM1704v1.fa,3755541,3343,0.99866533,0.962155,0.99910986,3760560,3903260,0.9986653583508839,11
GCA_000063585.1_ASM6358v1.fa,GCA_000017065.1_ASM1706v1.fa,3539233,87842,0.88196,0.9067377,0.9751805,4012918,3903260,0.9067377013060878,11
GCA_000063585.1_ASM6358v1.fa,GCA_000020345.1_ASM2034v1.fa,3547521,123431,0.83318776,0.90886104,0.9652064,4257769,3903260,0.9088610546056374,11
GCA_000017025.1_ASM1702v1.fa,GCA_000063585.1_ASM6358v1.fa,3870897,3750,0.9917087,1.0019275,0.99903125,3903260,3863450,1.0019275517995574,11
GCA_000017025.1_ASM1702v1.fa,GCA_000017025.1_ASM1702v1.fa,3863449,0,0.99999976,0.99999976,1.0,3863450,3863450,0.9999997411639856,11
GCA_000017025.1_ASM1702v1.fa,GCA_000019305.1_ASM1930v1.fa,3525691,89008,0.85845625,0.9125758,0.97475445,4107013,3863450,0.91257580659773,11
GCA_000017025.1_ASM1702v1.fa,GCA_000092345.1_ASM9234v1.fa,3526278,88899,0.87923646,0.9127277,0.97478956,4010614,3863450,0.912727743338208,11
GCA_000017025.1_ASM1702v1.fa,GCA_000019545.1_ASM1954v1.fa,3472044,122119,0.8150929,0.89869004,0.9648279,4259691,3863450,0.8986900309309037,11
GCA_000017025.1_ASM1702v1.fa,GCA_000816945.1_ASM81694v1.fa,3423917,119434,0.87972546,0.88623303,0.96511775,3892029,3863450,0.886233030063803,11
GCA_000017025.1_ASM1702v1.fa,GCA_000017045.1_ASM1704v1.fa,3782073,480,1.0057207,0.9789367,0.9998731,3760560,3863450,1.005720690535452,11
GCA_000017025.1_ASM1702v1.fa,GCA_000017065.1_ASM1706v1.fa,3522975,88270,0.8779085,0.9118728,0.9749445,4012918,3863450,0.9118728079825027,11
GCA_000017025.1_ASM1702v1.fa,GCA_000020345.1_ASM2034v1.fa,3461858,120668,0.8130685,0.89605355,0.96514356,4257769,3863450,0.8960535272877869,11
GCA_000019305.1_ASM1930v1.fa,GCA_000063585.1_ASM6358v1.fa,3519453,87442,0.90167016,0.8569374,0.97515464,3903260,4107013,0.901670142393794,11
GCA_000019305.1_ASM1930v1.fa,GCA_000017025.1_ASM1702v1.fa,3525197,88841,0.9124479,0.858336,0.97479826,3863450,4107013,0.9124479416065951,11
GCA_000019305.1_ASM1930v1.fa,GCA_000019305.1_ASM1930v1.fa,4107011,0,0.9999995,0.9999995,1.0,4107013,4107013,0.9999995130280814,11
GCA_000019305.1_ASM1930v1.fa,GCA_000092345.1_ASM9234v1.fa,3662905,67631,0.9133028,0.8918659,0.98153627,4010614,4107013,0.9133028010175,11
GCA_000019305.1_ASM1930v1.fa,GCA_000019545.1_ASM1954v1.fa,3618749,129165,0.8495332,0.88111454,0.9643067,4259691,4107013,0.8811145715876721,11
GCA_000019305.1_ASM1930v1.fa,GCA_000816945.1_ASM81694v1.fa,3420369,124586,0.87881386,0.83281183,0.9635753,3892029,4107013,0.8788138526203171,11
GCA_000019305.1_ASM1930v1.fa,GCA_000017045.1_ASM1704v1.fa,3468094,85899,0.9222281,0.8444322,0.97523165,3760560,4107013,0.9222280724147467,11
GCA_000019305.1_ASM1930v1.fa,GCA_000017065.1_ASM1706v1.fa,3664620,66829,0.9132058,0.8922835,0.9817637,4012918,4107013,0.9132058018628838,11
GCA_000019305.1_ASM1930v1.fa,GCA_000020345.1_ASM2034v1.fa,3539615,127836,0.8313309,0.86184657,0.96388423,4257769,4107013,0.8618465536875584,11
GCA_000092345.1_ASM9234v1.fa,GCA_000063585.1_ASM6358v1.fa,3542005,88572,0.9074479,0.8831578,0.9749938,3903260,4010614,0.9074478769028965,11
GCA_000092345.1_ASM9234v1.fa,GCA_000017025.1_ASM1702v1.fa,3526126,88946,0.9126884,0.87919855,0.97477514,3863450,4010614,0.9126884002640128,11
GCA_000092345.1_ASM9234v1.fa,GCA_000019305.1_ASM1930v1.fa,3663752,67650,0.89207214,0.913514,0.9815353,4107013,4010614,0.9135139906258742,11
GCA_000092345.1_ASM9234v1.fa,GCA_000092345.1_ASM9234v1.fa,4010612,0,0.9999995,0.9999995,1.0,4010614,4010614,0.9999995013232388,11
GCA_000092345.1_ASM9234v1.fa,GCA_000019545.1_ASM1954v1.fa,3517263,126985,0.8257085,0.87698865,0.96389663,4259691,4010614,0.8769886605891267,11
GCA_000092345.1_ASM9234v1.fa,GCA_000816945.1_ASM81694v1.fa,3459388,129057,0.8888392,0.8625582,0.9626937,3892029,4010614,0.8888392147129428,11
GCA_000092345.1_ASM9234v1.fa,GCA_000017045.1_ASM1704v1.fa,3473376,85636,0.9236326,0.86604595,0.975345,3760560,4010614,0.923632650456315,11
GCA_000092345.1_ASM9234v1.fa,GCA_000017065.1_ASM1706v1.fa,4031377,1397,1.0045999,1.005177,0.99965346,4012918,4010614,1.0051770127965445,11
GCA_000092345.1_ASM9234v1.fa,GCA_000020345.1_ASM2034v1.fa,3479025,129673,0.81710047,0.86745447,0.9627272,4257769,4010614,0.867454459591474,11
GCA_000019545.1_ASM1954v1.fa,GCA_000063585.1_ASM6358v1.fa,3488821,123429,0.8938224,0.8190315,0.96462154,3903260,4259691,0.8938223433745126,11
GCA_000019545.1_ASM1954v1.fa,GCA_000017025.1_ASM1702v1.fa,3468943,121904,0.8978874,0.8143649,0.9648585,3863450,4259691,0.8978873804501158,11
GCA_000019545.1_ASM1954v1.fa,GCA_000019305.1_ASM1930v1.fa,3616452,128984,0.8805553,0.84899396,0.96433413,4107013,4259691,0.8805552843392509,11
GCA_000019545.1_ASM1954v1.fa,GCA_000092345.1_ASM9234v1.fa,3515772,126993,0.8766169,0.82535845,0.96387905,4010614,4259691,0.8766168970636417,11
GCA_000019545.1_ASM1954v1.fa,GCA_000019545.1_ASM1954v1.fa,4259689,0,0.9999995,0.9999995,1.0,4259691,4259691,0.9999995304823753,11
GCA_000019545.1_ASM1954v1.fa,GCA_000816945.1_ASM81694v1.fa,3426453,127239,0.88037705,0.80439,0.9628657,3892029,4259691,0.8803770475502624,11
GCA_000019545.1_ASM1954v1.fa,GCA_000017045.1_ASM1704v1.fa,3437774,120675,0.91416544,0.8070477,0.96489733,3760560,4259691,0.9141654434445934,11
GCA_000019545.1_ASM1954v1.fa,GCA_000017065.1_ASM1706v1.fa,3517565,126602,0.8765604,0.8257794,0.9640086,4012918,4259691,0.8765603981940324,11
GCA_000019545.1_ASM1954v1.fa,GCA_000020345.1_ASM2034v1.fa,3612888,133967,0.8485402,0.8481573,0.9629197,4257769,4259691,0.848540162700231,11
GCA_000816945.1_ASM81694v1.fa,GCA_000063585.1_ASM6358v1.fa,3478185,122167,0.8910974,0.89366883,0.96487623,3903260,3892029,0.8936688292918681,11
GCA_000816945.1_ASM81694v1.fa,GCA_000017025.1_ASM1702v1.fa,3423975,119599,0.88624805,0.87974036,0.9650701,3863450,3892029,0.8862480425526408,11
GCA_000816945.1_ASM81694v1.fa,GCA_000019305.1_ASM1930v1.fa,3420102,124840,0.8327468,0.87874526,0.9634982,4107013,3892029,0.8787452508704329,11
GCA_000816945.1_ASM81694v1.fa,GCA_000092345.1_ASM9234v1.fa,3460378,129440,0.86280507,0.8890936,0.9625937,4010614,3892029,0.8890935807518392,11
GCA_000816945.1_ASM81694v1.fa,GCA_000019545.1_ASM1954v1.fa,3427665,127517,0.80467457,0.8806884,0.9627977,4259691,3892029,0.8806884532463658,11
GCA_000816945.1_ASM81694v1.fa,GCA_000816945.1_ASM81694v1.fa,3892028,0,0.99999976,0.99999976,1.0,3892029,3892029,0.9999997430646071,11
GCA_000816945.1_ASM81694v1.fa,GCA_000017045.1_ASM1704v1.fa,3390539,117817,0.90160483,0.8711495,0.96525127,3760560,3892029,0.901604814176612,11
GCA_000816945.1_ASM81694v1.fa,GCA_000017065.1_ASM1706v1.fa,3454610,128841,0.8608723,0.88761157,0.9627046,4012918,3892029,0.8876115774060265,11
GCA_000816945.1_ASM81694v1.fa,GCA_000020345.1_ASM2034v1.fa,3768655,18645,0.8851243,0.9683009,0.99505264,4257769,3892029,0.9683008528456494,11
GCA_000017045.1_ASM1704v1.fa,GCA_000063585.1_ASM6358v1.fa,3755722,3343,0.96220136,0.9987135,0.99910986,3903260,3760560,0.9987134894802902,11
GCA_000017045.1_ASM1704v1.fa,GCA_000017025.1_ASM1702v1.fa,3780972,480,0.9786517,1.005428,0.99987304,3863450,3760560,1.0054279149913843,11
GCA_000017045.1_ASM1704v1.fa,GCA_000019305.1_ASM1930v1.fa,3468357,86043,0.84449625,0.922298,0.975192,4107013,3760560,0.9222980088071989,11
GCA_000017045.1_ASM1704v1.fa,GCA_000092345.1_ASM9234v1.fa,3473448,85582,0.8660639,0.9236518,0.9753611,4010614,3760560,0.9236517965409408,11
GCA_000017045.1_ASM1704v1.fa,GCA_000019545.1_ASM1954v1.fa,3440291,120849,0.80763865,0.91483474,0.9648724,4259691,3760560,0.9148347586529666,11
GCA_000017045.1_ASM1704v1.fa,GCA_000816945.1_ASM81694v1.fa,3391045,117715,0.8712795,0.90173936,0.9652865,3892029,3760560,0.9017393686046759,11
GCA_000017045.1_ASM1704v1.fa,GCA_000017045.1_ASM1704v1.fa,3760559,0,0.99999976,0.99999976,1.0,3760560,3760560,0.999999734082158,11
GCA_000017045.1_ASM1704v1.fa,GCA_000017065.1_ASM1706v1.fa,3471272,85093,0.8650244,0.9230732,0.9754865,4012918,3760560,0.9230731593166975,11
GCA_000017045.1_ASM1704v1.fa,GCA_000020345.1_ASM2034v1.fa,3423703,118510,0.80410725,0.9104237,0.96538544,4257769,3760560,0.9104237134894803,11
GCA_000017065.1_ASM1706v1.fa,GCA_000063585.1_ASM6358v1.fa,3540068,87998,0.9069516,0.88216805,0.9751423,3903260,4012918,0.9069516250518798,11
GCA_000017065.1_ASM1706v1.fa,GCA_000017025.1_ASM1702v1.fa,3522426,88306,0.9117307,0.87777174,0.97493035,3863450,4012918,0.9117307070105735,11
GCA_000017065.1_ASM1706v1.fa,GCA_000019305.1_ASM1930v1.fa,3662545,66874,0.8917783,0.91268873,0.98174113,4107013,4012918,0.912688721773034,11
GCA_000017065.1_ASM1706v1.fa,GCA_000092345.1_ASM9234v1.fa,4031108,1397,1.0051099,1.0045328,0.99965346,4010614,4012918,1.005109940772161,11
GCA_000017065.1_ASM1706v1.fa,GCA_000019545.1_ASM1954v1.fa,3518845,126658,0.82607985,0.8768794,0.9640058,4259691,4012918,0.8768793680807832,11
GCA_000017065.1_ASM1706v1.fa,GCA_000816945.1_ASM81694v1.fa,3453559,128464,0.88734156,0.8606104,0.9628024,3892029,4012918,0.8873415383081678,11
GCA_000017065.1_ASM1706v1.fa,GCA_000017045.1_ASM1704v1.fa,3470803,85136,0.9229484,0.8649075,0.9754708,3760560,4012918,0.9229484438487885,11
GCA_000017065.1_ASM1706v1.fa,GCA_000017065.1_ASM1706v1.fa,4012916,0,0.9999995,0.9999995,1.0,4012918,4012918,0.999999501609552,11
GCA_000017065.1_ASM1706v1.fa,GCA_000020345.1_ASM2034v1.fa,3474801,129081,0.8161084,0.8659038,0.96285224,4257769,4012918,0.8659038136338694,11
GCA_000020345.1_ASM2034v1.fa,GCA_000063585.1_ASM6358v1.fa,3536129,123074,0.90594244,0.83051217,0.9651953,3903260,4257769,0.9059424686031676,11
GCA_000020345.1_ASM2034v1.fa,GCA_000017025.1_ASM1702v1.fa,3460131,120569,0.8956065,0.8126629,0.96515477,3863450,4257769,0.8956065174908436,11
GCA_000020345.1_ASM2034v1.fa,GCA_000019305.1_ASM1930v1.fa,3538947,127832,0.8616839,0.831174,0.9638785,4107013,4257769,0.8616839050667724,11
GCA_000020345.1_ASM2034v1.fa,GCA_000092345.1_ASM9234v1.fa,3477909,129699,0.8671762,0.8168383,0.96270776,4010614,4257769,0.8671761979587166,11
GCA_000020345.1_ASM2034v1.fa,GCA_000019545.1_ASM1954v1.fa,3604196,133852,0.8461168,0.8464987,0.9628622,4259691,4257769,0.8464987179905721,11
GCA_000020345.1_ASM2034v1.fa,GCA_000816945.1_ASM81694v1.fa,3749651,18740,0.96341807,0.88066095,0.9950022,3892029,4257769,0.9634180526404094,11
GCA_000020345.1_ASM2034v1.fa,GCA_000017045.1_ASM1704v1.fa,3422367,118432,0.91006845,0.8037935,0.96539474,3760560,4257769,0.9100684472525369,11
GCA_000020345.1_ASM2034v1.fa,GCA_000017065.1_ASM1706v1.fa,3476572,129116,0.86634517,0.8165243,0.9628611,4012918,4257769,0.866345138375616,11
GCA_000020345.1_ASM2034v1.fa,GCA_000020345.1_ASM2034v1.fa,4257766,0,0.9999993,0.9999993,1.0,4257769,4257769,0.9999992954056456,11
GCA_000020165.1_ASM2016v1.fa,GCA_000020165.1_ASM2016v1.fa,3847967,0,0.99999946,0.99999946,1.0,3847969,3847969,0.9999994802452931,13
GCA_000499485.1_MYMC4100.fa,GCA_000499485.1_MYMC4100.fa,4527246,0,0.99999976,0.99999976,1.0,4527247,4527247,0.9999997791152107,15
GCA_000499485.1_MYMC4100.fa,GCA_000014845.1_ASM1484v1.fa,3936405,111492,0.7160155,0.869492,0.9716767,5497653,4527247,0.8694919892817865,15
GCA_000499485.1_MYMC4100.fa,GCA_001612475.1_ASM161247v1.fa,4082576,75672,0.7234635,0.90177894,0.9814646,5643099,4527247,0.9017789398281119,15
GCA_000499485.1_MYMC4100.fa,GCA_000010385.1_ASM1038v1.fa,4214502,57090,0.8174569,0.9309194,0.9864539,5155626,4527247,0.9309193865499276,15
GCA_000499485.1_MYMC4100.fa,GCA_000183345.1_ASM18334v1_genomic.fna,3887764,108932,0.7942513,0.85874796,0.9719808,4894879,4527247,0.8587479322422655,15
GCA_000014845.1_ASM1484v1.fa,GCA_000499485.1_MYMC4100.fa,3937324,111551,0.869695,0.7161827,0.9716683,4527247,5497653,0.8696949824032133,15
GCA_000014845.1_ASM1484v1.fa,GCA_000014845.1_ASM1484v1.fa,5497650,0,0.99999946,0.99999946,1.0,5497653,5497653,0.9999994543125948,15
GCA_000014845.1_ASM1484v1.fa,GCA_001612475.1_ASM161247v1.fa,4085008,121797,0.7238944,0.7430458,0.9701844,5643099,5497653,0.7430458051826844,15
GCA_000014845.1_ASM1484v1.fa,GCA_000010385.1_ASM1038v1.fa,4088455,120541,0.79300845,0.7436728,0.97051674,5155626,5497653,0.7930084532896684,15
GCA_000014845.1_ASM1484v1.fa,GCA_000183345.1_ASM18334v1_genomic.fna,4602334,44180,0.9402345,0.8371452,0.9904005,4894879,5497653,0.9402344777061905,15
GCA_001612475.1_ASM161247v1.fa,GCA_000499485.1_MYMC4100.fa,4078589,75621,0.9008983,0.7227569,0.981459,4527247,5643099,0.9008982721729122,15
GCA_001612475.1_ASM161247v1.fa,GCA_000014845.1_ASM1484v1.fa,4087463,121811,0.74349236,0.7243295,0.97019887,5497653,5643099,0.743492359375901,15
GCA_001612475.1_ASM161247v1.fa,GCA_001612475.1_ASM161247v1.fa,5643097,0,0.99999964,0.99999964,1.0,5643099,5643099,0.9999996455848108,15
GCA_001612475.1_ASM161247v1.fa,GCA_000010385.1_ASM1038v1.fa,4331250,88387,0.84010166,0.7675304,0.9795932,5155626,5643099,0.8401016675763525,15
GCA_001612475.1_ASM161247v1.fa,GCA_000183345.1_ASM18334v1_genomic.fna,3991122,116445,0.81536686,0.70725715,0.970824,4894879,5643099,0.8153668354212638,15
GCA_000010385.1_ASM1038v1.fa,GCA_000499485.1_MYMC4100.fa,4221078,57050,0.9323719,0.8187324,0.98648447,4527247,5155626,0.9323719249247943,15
GCA_000010385.1_ASM1038v1.fa,GCA_000014845.1_ASM1484v1.fa,4095580,120917,0.74496883,0.79439044,0.9704762,5497653,5155626,0.7943904387168503,15
GCA_000010385.1_ASM1038v1.fa,GCA_001612475.1_ASM161247v1.fa,4336371,89278,0.76843786,0.841095,0.97941184,5643099,5155626,0.8410949514181207,15
GCA_000010385.1_ASM1038v1.fa,GCA_000010385.1_ASM1038v1.fa,5155619,0,0.9999986,0.9999986,1.0,5155626,5155626,0.9999986422599312,15
GCA_000010385.1_ASM1038v1.fa,GCA_000183345.1_ASM18334v1_genomic.fna,4017230,115936,0.8207006,0.77919346,0.9711403,4894879,5155626,0.8207005729865845,15
GCA_000183345.1_ASM18334v1_genomic.fna,GCA_000499485.1_MYMC4100.fa,3889508,109168,0.8591332,0.7946076,0.9719327,4527247,4894879,0.8591331553149187,15
GCA_000183345.1_ASM18334v1_genomic.fna,GCA_000014845.1_ASM1484v1.fa,4600733,44166,0.83685404,0.9399074,0.99040025,5497653,4894879,0.9399074011839721,15
GCA_000183345.1_ASM18334v1_genomic.fna,GCA_001612475.1_ASM161247v1.fa,3990160,116413,0.7070867,0.8151703,0.97082496,5643099,4894879,0.815170303494734,15
GCA_000183345.1_ASM18334v1_genomic.fna,GCA_000010385.1_ASM1038v1.fa,4018779,116142,0.77949387,0.821017,0.97110015,5155626,4894879,0.821017026161423,15
GCA_000183345.1_ASM18334v1_genomic.fna,GCA_000183345.1_ASM18334v1_genomic.fna,4894877,0,0.9999996,0.9999996,1.0,4894879,4894879,0.9999995914097162,15
GCA_900209925.1_EH1_genomic.fna,GCA_900209925.1_EH1_genomic.fna,3515669,0,0.9999997,0.9999997,1.0,3515670,3515670,0.9999997155591964,10
GCA_000152245.2_ASM15224v2.fa,GCA_000152245.2_ASM15224v2.fa,4316706,0,0.99999976,0.99999976,1.0,4316707,4316707,0.9999997683419328,8
GCA_000152245.2_ASM15224v2.fa,GCA_001481725.1_ASM148172v1.fa,3248802,304639,0.78278124,0.7526112,0.90623033,4150332,4316707,0.7827812329230529,8
GCA_000152245.2_ASM15224v2.fa,GCA_900683775.1_ASM90068377v1_genomic.fna,3467431,193293,0.7314434,0.80325836,0.9442547,4740532,4316707,0.8032583633774542,8
GCA_001481725.1_ASM148172v1.fa,GCA_000152245.2_ASM15224v2.fa,3248134,304590,0.7524564,0.7826203,0.90622616,4316707,4150332,0.7826202819437096,8
GCA_001481725.1_ASM148172v1.fa,GCA_001481725.1_ASM148172v1.fa,4150331,0,0.99999976,0.99999976,1.0,4150332,4150332,0.9999997590554202,8
GCA_001481725.1_ASM148172v1.fa,GCA_900683775.1_ASM90068377v1_genomic.fna,3250005,308805,0.6855781,0.7830711,0.9049832,4740532,4150332,0.7830710892526188,8
GCA_900683775.1_ASM90068377v1_genomic.fna,GCA_000152245.2_ASM15224v2.fa,3462943,193150,0.8022187,0.7304967,0.94422376,4316707,4740532,0.8022186819721607,8
GCA_900683775.1_ASM90068377v1_genomic.fna,GCA_001481725.1_ASM148172v1.fa,3251201,308822,0.7833592,0.6858304,0.90501297,4150332,4740532,0.7833592589701258,8
GCA_900683775.1_ASM90068377v1_genomic.fna,GCA_900683775.1_ASM90068377v1_genomic.fna,4740531,0,0.99999976,0.99999976,1.0,4740532,4740532,0.9999997890532117,8
GCA_000012845.1_ASM1284v1.fa,GCA_000012845.1_ASM1284v1.fa,4811378,0,0.9999998,0.9999998,1.0,4811379,4811379,0.9999997921593788,5
GCA_000012845.1_ASM1284v1.fa,GCA_012851305.1_ASM1285130v1_genomic.fna,3803846,79111,0.7070991,0.79059374,0.9792024,5379509,4811379,0.7905937154400017,5
GCA_012851305.1_ASM1285130v1_genomic.fna,GCA_000012845.1_ASM1284v1.fa,3803981,79121,0.79062176,0.7071242,0.9792005,4811379,5379509,0.7906217739238585,5
GCA_012851305.1_ASM1285130v1_genomic.fna,GCA_012851305.1_ASM1285130v1_genomic.fna,5379508,0,0.9999998,0.9999998,1.0,5379509,5379509,0.999999814109429,5
GCA_000144405.1_ASM14440v1.fa,GCA_000144405.1_ASM14440v1.fa,3168280,0,0.99999934,0.99999934,1.0,3168282,3168282,0.9999993687430602,3
GCA_001953955.1_ASM195395v1.fa,GCA_001953955.1_ASM195395v1.fa,2674168,0,0.9999992,0.9999992,1.0,2674170,2674170,0.9999992521043912,2
GCA_001953955.1_ASM195395v1.fa,GCA_000261025.1_ASM26102v1.fa,2281477,77437,0.8451677,0.8531533,0.9660584,2699437,2674170,0.8531533148603118,2
GCA_001953955.1_ASM195395v1.fa,GCA_001548195.1_ASM154819v1.fa,2269902,76547,0.8292567,0.84882486,0.9662774,2737273,2674170,0.8488248690247815,2
GCA_001953955.1_ASM195395v1.fa,GCA_001953935.1_ASM195393v1.fa,2273380,76360,0.8308181,0.85012543,0.96641123,2736315,2674170,0.8501254594883646,2
GCA_000261025.1_ASM26102v1.fa,GCA_001953955.1_ASM195395v1.fa,2270080,77004,0.84889144,0.8409457,0.96607876,2674170,2699437,0.8488914317339585,2
GCA_000261025.1_ASM26102v1.fa,GCA_000261025.1_ASM26102v1.fa,2699435,0,0.9999993,0.9999993,1.0,2699437,2699437,0.9999992591047688,2
GCA_000261025.1_ASM26102v1.fa,GCA_001548195.1_ASM154819v1.fa,2728447,145,0.9967756,1.0107467,0.99994683,2737273,2699437,1.010746685327348,2
GCA_000261025.1_ASM26102v1.fa,GCA_001953935.1_ASM195393v1.fa,2709584,171,0.99023104,1.0037589,0.9999369,2736315,2699437,1.0037589319550706,2
GCA_001548195.1_ASM154819v1.fa,GCA_001953955.1_ASM195395v1.fa,2258141,76112,0.8444269,0.8249601,0.9662944,2674170,2737273,0.8444268688976393,2
GCA_001548195.1_ASM154819v1.fa,GCA_000261025.1_ASM26102v1.fa,2728430,145,1.0107404,0.9967694,0.99994683,2699437,2737273,1.0107403877178833,2
GCA_001548195.1_ASM154819v1.fa,GCA_001548195.1_ASM154819v1.fa,2737271,0,0.9999993,0.9999993,1.0,2737273,2737273,0.9999992693458051,2
GCA_001548195.1_ASM154819v1.fa,GCA_001953935.1_ASM195393v1.fa,2740175,237,1.0014106,1.0010601,0.9999135,2736315,2737273,1.0014106563023628,2
GCA_001953935.1_ASM195393v1.fa,GCA_001953955.1_ASM195395v1.fa,2262105,75996,0.8459092,0.8266976,0.96640474,2674170,2736315,0.845909197994144,2
GCA_001953935.1_ASM195393v1.fa,GCA_000261025.1_ASM26102v1.fa,2709523,171,1.0037364,0.99020875,0.9999369,2699437,2736315,1.0037363346505215,2
GCA_001953935.1_ASM195393v1.fa,GCA_001548195.1_ASM154819v1.fa,2740146,237,1.0010496,1.0014001,0.9999135,2737273,2736315,1.001400058107345,2
GCA_001953935.1_ASM195393v1.fa,GCA_001953935.1_ASM195393v1.fa,2736313,0,0.9999993,0.9999993,1.0,2736315,2736315,0.9999992690899988,2
GCA_000225345.1_ASM22534v1.fa,GCA_000225345.1_ASM22534v1.fa,3592124,0,0.9999997,0.9999997,1.0,3592125,3592125,0.9999997216132512,9
GCA_000014425.1_ASM1442v1_genomic.fna,GCA_000014425.1_ASM1442v1_genomic.fna,1894359,0,0.99999946,0.99999946,1.0,1894360,1894360,0.9999994721172322,1
GCA_000014425.1_ASM1442v1_genomic.fna,GCA_002158885.1_ASM215888v1_genomic.fna,1610318,98244,0.7562415,0.85005915,0.93899095,2129370,1894360,0.8500591228699931,1
GCA_000014425.1_ASM1442v1_genomic.fna,GCA_902386655.1_UHGG_MGYG-HGUT-02387_genomic.fna,1610318,98244,0.7562415,0.85005915,0.93899095,2129370,1894360,0.8500591228699931,1
GCA_000014425.1_ASM1442v1_genomic.fna,GCA_013363915.1_ASM1336391v1_genomic.fna,1557200,94595,0.7373598,0.82201904,0.93925315,2111859,1894360,0.822019046010262,1
GCA_002158885.1_ASM215888v1_genomic.fna,GCA_000014425.1_ASM1442v1_genomic.fna,1610045,98183,0.849915,0.7561133,0.9390185,1894360,2129370,0.849915010874385,1
GCA_002158885.1_ASM215888v1_genomic.fna,GCA_002158885.1_ASM215888v1_genomic.fna,2114362,0,0.9929519,0.9929519,1.0,2129370,2129370,0.9929519059627965,1
GCA_002158885.1_ASM215888v1_genomic.fna,GCA_902386655.1_UHGG_MGYG-HGUT-02387_genomic.fna,2114362,0,0.9929519,0.9929519,1.0,2129370,2129370,0.9929519059627965,1
GCA_002158885.1_ASM215888v1_genomic.fna,GCA_013363915.1_ASM1336391v1_genomic.fna,2061454,1941,0.9761324,0.96810514,0.9990584,2111859,2129370,0.976132402778784,1
GCA_902386655.1_UHGG_MGYG-HGUT-02387_genomic.fna,GCA_000014425.1_ASM1442v1_genomic.fna,1610045,98183,0.849915,0.7561133,0.9390185,1894360,2129370,0.849915010874385,1
GCA_902386655.1_UHGG_MGYG-HGUT-02387_genomic.fna,GCA_002158885.1_ASM215888v1_genomic.fna,2114362,0,0.9929519,0.9929519,1.0,2129370,2129370,0.9929519059627965,1
GCA_902386655.1_UHGG_MGYG-HGUT-02387_genomic.fna,GCA_902386655.1_UHGG_MGYG-HGUT-02387_genomic.fna,2114362,0,0.9929519,0.9929519,1.0,2129370,2129370,0.9929519059627965,1
GCA_902386655.1_UHGG_MGYG-HGUT-02387_genomic.fna,GCA_013363915.1_ASM1336391v1_genomic.fna,2061454,1941,0.9761324,0.96810514,0.9990584,2111859,2129370,0.976132402778784,1
GCA_013363915.1_ASM1336391v1_genomic.fna,GCA_000014425.1_ASM1442v1_genomic.fna,1557332,94604,0.8220887,0.73742235,0.9392525,1894360,2111859,0.8220887265356109,1
GCA_013363915.1_ASM1336391v1_genomic.fna,GCA_002158885.1_ASM215888v1_genomic.fna,2064907,1973,0.96972674,0.97776747,0.99904454,2129370,2111859,0.977767455118926,1
GCA_013363915.1_ASM1336391v1_genomic.fna,GCA_902386655.1_UHGG_MGYG-HGUT-02387_genomic.fna,2064907,1973,0.96972674,0.97776747,0.99904454,2129370,2111859,0.977767455118926,1
GCA_013363915.1_ASM1336391v1_genomic.fna,GCA_013363915.1_ASM1336391v1_genomic.fna,2111858,0,0.9999995,0.9999995,1.0,2111859,2111859,0.999999526483539,1
